IsRecentlyVerified,DateLastVerified,ID,UUID,DataProviderID,OperatorID,UsageTypeID,Connections,NumberOfPoints,StatusTypeID,DateLastStatusUpdate,DataQualityLevel,DateCreated,SubmissionStatusTypeID,AddressInfo.ID,AddressInfo.Title,AddressInfo.AddressLine1,AddressInfo.Town,AddressInfo.Postcode,AddressInfo.CountryID,AddressInfo.Latitude,AddressInfo.Longitude,AddressInfo.DistanceUnit,AddressInfo.StateOrProvince,UsageCost,AddressInfo.RelatedURL,AddressInfo.ContactTelephone1,AddressInfo.ContactTelephone2,AddressInfo.AccessComments,AddressInfo.ContactEmail,AddressInfo.AddressLine2,GeneralComments,ID,ConnectionTypeID,StatusTypeID,Quantity,Reference,LevelID,PowerKW,CurrentTypeID,Amps,Voltage
True,2024-09-20T13:19:00Z,304231,60101FF5-62D1-461E-B923-1E19C82F4EE4,1,1,1.0,"[{'ID': 576109, 'ConnectionTypeID': 0, 'StatusTypeID': 50, 'Quantity': 1}]",1,50,2024-09-20T13:19:00Z,1,2024-09-17T12:21:00Z,200,304620,Taxi Van Meurs,Waalbroek 5,Simpelveld,6369TE,159,50.82858438488333,5.992625983912376,0,,,,,,,,,,576109.0,0.0,50.0,1.0,,,,,,
True,2024-08-31T05:59:00Z,303157,5824AE82-0E5C-454D-8271-17DE2F95AAEE,1,2244,1.0,"[{'ID': 570054, 'ConnectionTypeID': 25, 'Reference': 'PP002149-1', 'StatusTypeID': 50, 'LevelID': 2, 'PowerKW': 11, 'CurrentTypeID': 20, 'Quantity': 1}, {'ID': 570055, 'ConnectionTypeID': 25, 'Reference': 'PP002149-2', 'StatusTypeID': 50, 'LevelID': 2, 'PowerKW': 11, 'CurrentTypeID': 20}]",1,50,2024-08-31T05:59:00Z,1,2024-08-17T07:29:00Z,200,303544,Van Oosten de Bruijnstraat,Van Oosten de Bruijnstraat,Haarlem,2014 TC,159,52.37290045009584,4.617311489408962,0,North Holland,,,,,,,,,570054.0,25.0,50.0,1.0,PP002149-1,2.0,11.0,20.0,,
True,2024-08-31T05:59:00Z,303155,FA22F782-49C1-4019-AE93-541AC5891CA4,1,63,1.0,"[{'ID': 570050, 'ConnectionTypeID': 25, 'Reference': 'PP002182-2', 'StatusTypeID': 50, 'LevelID': 2, 'PowerKW': 11, 'CurrentTypeID': 20, 'Quantity': 1}, {'ID': 570051, 'ConnectionTypeID': 25, 'Reference': 'PP002182-1', 'StatusTypeID': 50, 'LevelID': 2, 'PowerKW': 11, 'CurrentTypeID': 20, 'Quantity': 1}]",1,50,2024-08-31T05:59:00Z,1,2024-08-17T06:44:00Z,200,303542,Adriaan de Jongestraat,Adriaan de Jongestraat,Haarlem,2014 XX,159,52.374120702225234,4.618560747015223,0,North Holland,,,,,,,,,570050.0,25.0,50.0,1.0,PP002182-2,2.0,11.0,20.0,,
True,2024-07-29T02:49:00Z,301738,AF65DDD7-9C42-421C-8774-111DC3720789,1,3299,1.0,"[{'ID': 564536, 'ConnectionTypeID': 33, 'StatusTypeID': 50, 'LevelID': 3, 'PowerKW': 350, 'CurrentTypeID': 30, 'Quantity': 4}]",4,50,2024-07-29T02:49:00Z,1,2024-07-23T21:40:00Z,200,302125,Ionity Tolnegen Zuid,Rijksweg A1,,3776 PP,159,52.185479,5.677543,0,Gelderland,0.69€/kWh,,,,,,,,564536.0,33.0,50.0,4.0,,3.0,350.0,30.0,,
True,2024-07-29T02:49:00Z,301711,4F3387B8-2E84-4EBB-88AE-355184C4A229,1,3299,1.0,"[{'ID': 564503, 'ConnectionTypeID': 33, 'StatusTypeID': 50, 'LevelID': 3, 'PowerKW': 350, 'CurrentTypeID': 30, 'Quantity': 4}, {'ID': 564504, 'ConnectionTypeID': 33, 'StatusTypeID': 50, 'LevelID': 3, 'PowerKW': 200, 'CurrentTypeID': 30, 'Quantity': 4}]",8,50,2024-07-29T02:49:00Z,1,2024-07-23T21:02:00Z,200,302098,Ionity Steenwijk,Woldmeentherand,Steenwijk,8332 JE,159,52.799384,6.119607,0,Overijssel,0.69€/kWh,,,,,,,,564503.0,33.0,50.0,4.0,,3.0,350.0,30.0,,
True,2024-07-29T02:49:00Z,301710,462ED554-B091-4DFF-A84D-0B0D6BD1B7F9,1,3299,1.0,"[{'ID': 564502, 'ConnectionTypeID': 33, 'StatusTypeID': 50, 'LevelID': 3, 'PowerKW': 350, 'CurrentTypeID': 30, 'Quantity': 6}]",6,50,2024-07-29T02:49:00Z,1,2024-07-23T21:00:00Z,200,302097,Ionity Kampen,Flevoweg,Kampen,8263 CL,159,52.555811,5.884281,0,Overijssel,0.69€/kWh,,,,,,,,564502.0,33.0,50.0,6.0,,3.0,350.0,30.0,,
True,2024-07-29T02:49:00Z,301686,562FFB32-5EAE-43D5-ABE9-F6273B077DC0,1,3299,1.0,"[{'ID': 564470, 'ConnectionTypeID': 33, 'StatusTypeID': 50, 'LevelID': 3, 'PowerKW': 350, 'CurrentTypeID': 30, 'Quantity': 24}]",24,50,2024-07-29T02:49:00Z,1,2024-07-23T20:31:00Z,200,302073,Ionity Gorinchem,Avelingen-Oost,Gorinchem,4202 MN,159,51.831966,4.950333,0,Zuid-Holland,0.69€/kWh,,,,,,,,564470.0,33.0,50.0,24.0,,3.0,350.0,30.0,,
True,2024-07-29T02:49:00Z,301685,63558840-1A97-4D99-A61B-9EC404708D89,1,3299,1.0,"[{'ID': 564469, 'ConnectionTypeID': 33, 'StatusTypeID': 50, 'LevelID': 3, 'PowerKW': 350, 'CurrentTypeID': 30, 'Quantity': 12}]",12,50,2024-07-29T02:49:00Z,1,2024-07-23T20:29:00Z,200,302072,Ionity Medemblik,Agriport,,1775 TA,159,52.7564590092056,5.040346612463509,0,Noord-Holland,0.69€/kWh,,,,,,,,564469.0,33.0,50.0,12.0,,3.0,350.0,30.0,,
True,2024-07-08T03:19:00Z,300432,E1B1C7A6-777E-4137-A84F-9345A9F1880B,1,174,4.0,"[{'ID': 559392, 'ConnectionTypeID': 25, 'StatusTypeID': 50, 'LevelID': 2, 'PowerKW': 11, 'CurrentTypeID': 20, 'Quantity': 2}]",2,50,2024-07-08T03:19:00Z,1,2024-07-04T07:19:00Z,200,300819,Vierkante Bosje,Vierkante Bosje,,3755 BG,159,52.25223918008447,5.253447956902818,0,Utrecht,,,,,,,,,559392.0,25.0,50.0,2.0,,2.0,11.0,20.0,,
True,2024-06-24T05:39:00Z,300041,415C0375-184A-41B2-9E2E-7CCB7C855403,1,1,1.0,"[{'ID': 555790, 'ConnectionTypeID': 25, 'StatusTypeID': 50, 'LevelID': 2, 'Amps': 32, 'Voltage': 230, 'PowerKW': 7, 'CurrentTypeID': 10, 'Quantity': 2}]",1,50,2024-06-24T05:39:00Z,1,2024-06-16T14:04:00Z,200,300428,Jan Hoornstraat,Jan Hoornstraat 110,Zoetermeer ,2712 VV,159,52.049828036750085,4.50596291991269,0,Zuid-Holland,,,,,,,,,555790.0,25.0,50.0,2.0,,2.0,7.0,10.0,32.0,230.0
True,2024-06-14T12:05:00Z,299912,779C35A5-07CC-4701-A109-62EE3423C936,1,108,1.0,"[{'ID': 554862, 'ConnectionTypeID': 25, 'StatusTypeID': 50, 'LevelID': 2, 'PowerKW': 11, 'CurrentTypeID': 10, 'Quantity': 2}]",2,50,2024-06-14T12:05:00Z,1,2024-06-12T06:51:00Z,200,300299,Cambara 35,Cambara 35,Rosmalen,5245 CV,159,51.7412441,5.3501211,0,Noord-Brabant,"0,336",https://www.vattenfall.nl/,,,,,,,554862.0,25.0,50.0,2.0,,2.0,11.0,10.0,,
True,2024-05-10T08:24:00Z,298103,DB7FA9FA-D97E-42E0-B485-D9BA020D9119,1,1,7.0,"[{'ID': 543433, 'ConnectionTypeID': 33, 'StatusTypeID': 50, 'LevelID': 3, 'Amps': 0, 'Voltage': 400, 'PowerKW': 90, 'CurrentTypeID': 30, 'Quantity': 2}]",2,50,2024-05-10T08:24:00Z,1,2024-05-01T12:47:00Z,200,298490,Laadstation Welvreugd Energy,Burgerweg 2A,Maasland,3155 DB,159,51.94942347535786,4.263460294890251,0,,"0,85",,0105918247,+31621368394,Call first at the gate or if this doesn't work call a phone number,,,,543433.0,33.0,50.0,2.0,,3.0,90.0,30.0,0.0,400.0
True,2024-04-21T16:38:00Z,297757,AE0FDA96-BD30-4535-B322-0E1C6BED7154,1,108,1.0,"[{'ID': 540872, 'ConnectionTypeID': 25, 'Reference': 'MH8332', 'StatusTypeID': 50, 'LevelID': 2, 'Amps': 16, 'Voltage': 400, 'PowerKW': 11, 'CurrentTypeID': 20, 'Quantity': 1}, {'ID': 540873, 'ConnectionTypeID': 25, 'Reference': 'PM4229', 'StatusTypeID': 50, 'LevelID': 2, 'Amps': 16, 'Voltage': 400, 'PowerKW': 11, 'CurrentTypeID': 20, 'Quantity': 1}]",2,50,2024-04-21T16:38:00Z,1,2024-04-20T13:52:00Z,200,298144,Vattenfall InCharge Public Charger,Wederiklaan 27,Enschede,7534 KV,159,52.21639217242321,6.942283637068499,0,Overijssel,,https://incharge.vattenfall.nl/,Vattenfall,,2x Mennekes ,incharge@vattenfall.nl,,,540872.0,25.0,50.0,1.0,MH8332,2.0,11.0,20.0,16.0,400.0
True,2024-04-07T11:19:00Z,297266,DE5FD572-ED76-45B3-A717-3AFA95E45AA9,1,3504,1.0,"[{'ID': 536849, 'ConnectionTypeID': 33, 'StatusTypeID': 50, 'LevelID': 3, 'PowerKW': 120, 'CurrentTypeID': 30, 'Quantity': 4}]",4,50,2024-04-07T11:19:00Z,1,2024-04-04T11:18:00Z,200,297653,LEAP24 Charging Station,Westeinde 118,Oostzaan,1511 MA,159,52.427101,4.879149,0,Noord-Holland,€0.59/kWh incl. VAT,http://www.leap24.eu,0800-2600005,,,,,,536849.0,33.0,50.0,4.0,,3.0,120.0,30.0,,
True,2024-04-03T10:49:00Z,297182,65F28BF8-4952-485A-9B64-76C3CC9F83A4,1,179,4.0,"[{'ID': 535566, 'ConnectionTypeID': 25, 'StatusTypeID': 50, 'LevelID': 2, 'PowerKW': 22, 'CurrentTypeID': 20, 'Quantity': 1}, {'ID': 535567, 'ConnectionTypeID': 25, 'StatusTypeID': 50, 'LevelID': 2, 'PowerKW': 22, 'CurrentTypeID': 20, 'Quantity': 1}]",2,50,2024-04-03T10:49:00Z,1,2024-03-31T10:48:00Z,200,297569,Gezellelaan,Gezellelaan,Roosendaal,4707 CT,159,51.52286084676919,4.462946437551352,0,Noord-Brabant,,,,,,,,,535566.0,25.0,50.0,1.0,,2.0,22.0,20.0,,
False,2024-03-28T18:02:00Z,296884,0D49D478-A788-4E63-9AA3-F48F17241C83,1,3504,1.0,"[{'ID': 533611, 'ConnectionTypeID': 33, 'StatusTypeID': 50, 'LevelID': 3, 'PowerKW': 160, 'CurrentTypeID': 30, 'Quantity': 5}]",5,50,2024-03-28T18:02:00Z,1,2024-03-20T08:29:00Z,200,297271,LEAP24 Charging Station,Het Poolman 13,Enschede,7545 LX,159,52.217512,6.869029,0,Overijssel,0.59 per kWh,http://www.leap24.eu,0800-2600005,,,,,,533611.0,33.0,50.0,5.0,,3.0,160.0,30.0,,
False,2024-03-28T18:02:00Z,296857,576FDFA6-6B86-4ED2-B08C-5B851144C7CF,1,174,4.0,"[{'ID': 533273, 'ConnectionTypeID': 25, 'StatusTypeID': 50, 'LevelID': 2, 'Amps': 16, 'Voltage': 400, 'PowerKW': 11, 'CurrentTypeID': 20, 'Quantity': 2}]",2,50,2024-03-28T18:02:00Z,1,2024-03-19T14:55:00Z,200,297244,Velperpoort,Velperpoort,Nieuw-Vennep,2152 RS,159,52.27903525259438,4.619977495428884,0,Noord-Holland,,,,,,,,,533273.0,25.0,50.0,2.0,,2.0,11.0,20.0,16.0,400.0
False,2024-03-28T18:02:00Z,296856,59263366-D0E4-493C-82EA-F348ECAADCBD,1,174,4.0,"[{'ID': 533272, 'ConnectionTypeID': 25, 'StatusTypeID': 50, 'LevelID': 2, 'Amps': 16, 'Voltage': 400, 'PowerKW': 11, 'CurrentTypeID': 20, 'Quantity': 2}]",2,50,2024-03-28T18:02:00Z,1,2024-03-19T14:54:00Z,200,297243,Lekpoort,Lekpoort,Nieuw-Vennep,2152 HT,159,52.27731446530859,4.616095062272365,0,Noord-Holland,,,,,,,,,533272.0,25.0,50.0,2.0,,2.0,11.0,20.0,16.0,400.0
False,2024-03-28T18:02:00Z,296855,9F4FF600-121B-45E4-ADF7-5F90D31E045E,1,174,4.0,"[{'ID': 533271, 'ConnectionTypeID': 25, 'Reference': 'NL*GFX*EPP001465*1', 'StatusTypeID': 50, 'LevelID': 2, 'Amps': 16, 'Voltage': 400, 'PowerKW': 11, 'CurrentTypeID': 20, 'Quantity': 1}, {'ID': 533645, 'ConnectionTypeID': 25, 'Reference': 'NL*GFX*EPP001465*2', 'StatusTypeID': 50, 'LevelID': 2, 'Amps': 16, 'Voltage': 400, 'PowerKW': 11, 'CurrentTypeID': 20, 'Quantity': 1}]",2,50,2024-03-28T18:02:00Z,1,2024-03-19T14:52:00Z,200,297242,Maaspoort ,Regulierspoort 41,Nieuw-Vennep ,2152HG ,159,52.27777338099773,4.617981621331211,0,,,,,,,,,,533271.0,25.0,50.0,1.0,NL*GFX*EPP001465*1,2.0,11.0,20.0,16.0,400.0
False,2024-03-28T18:02:00Z,296772,B7F692E6-0E93-4C7E-9DFE-69933F1E5A6E,1,108,1.0,"[{'ID': 533020, 'ConnectionTypeID': 25, 'Reference': 'NL*NUO*EALF*0015707*1', 'StatusTypeID': 50, 'LevelID': 2, 'Amps': 16, 'Voltage': 400, 'PowerKW': 11, 'CurrentTypeID': 20, 'Quantity': 1}, {'ID': 533021, 'ConnectionTypeID': 25, 'Reference': 'NL*NUO*EALF*0015707*2', 'StatusTypeID': 50, 'LevelID': 2, 'Amps': 16, 'Voltage': 400, 'PowerKW': 11, 'CurrentTypeID': 20, 'Quantity': 1}]",2,50,2024-03-28T18:02:00Z,1,2024-03-18T08:20:00Z,200,297159,Bandeliersberg 233,Bandeliersberg 233,Roosendaal,4707 SK,159,51.518572328354765,4.449183978178894,0,Noord-Brabant,,,,,,,,,533020.0,25.0,50.0,1.0,NL*NUO*EALF*0015707*1,2.0,11.0,20.0,16.0,400.0
False,2024-03-28T18:02:00Z,296697,3EE93076-3A72-458B-942A-6F05B67ED957,1,108,1.0,"[{'ID': 532415, 'ConnectionTypeID': 25, 'Reference': 'ZS5218', 'StatusTypeID': 50, 'LevelID': 2, 'Amps': 16, 'Voltage': 400, 'PowerKW': 11, 'CurrentTypeID': 20, 'Quantity': 1}, {'ID': 532771, 'ConnectionTypeID': 25, 'Reference': 'UN5379', 'StatusTypeID': 50, 'LevelID': 2, 'Amps': 16, 'Voltage': 400, 'PowerKW': 11, 'CurrentTypeID': 20, 'Quantity': 1}]",1,50,2024-03-28T18:02:00Z,1,2024-03-16T11:56:00Z,200,297084,Doctor Janssenslaan,Doctor Janssenslaan,Oosterhout,4902 XA,159,51.63634614039046,4.8596225377759765,0,Noord-Brabant,,,,,,,,,532415.0,25.0,50.0,1.0,ZS5218,2.0,11.0,20.0,16.0,400.0
False,2024-03-28T18:02:00Z,296696,476623C7-3412-4B85-8DC3-ABBF29E0B8F9,1,103,1.0,"[{'ID': 532414, 'ConnectionTypeID': 25, 'Reference': 'NL*ALL*EGO0014251', 'StatusTypeID': 50, 'LevelID': 2, 'Amps': 16, 'Voltage': 400, 'PowerKW': 11, 'CurrentTypeID': 20, 'Quantity': 1}, {'ID': 532772, 'ConnectionTypeID': 25, 'Reference': 'NL*ALL*EGO0014252', 'StatusTypeID': 50, 'LevelID': 2, 'Amps': 16, 'Voltage': 400, 'PowerKW': 11, 'CurrentTypeID': 20, 'Quantity': 1}]",2,50,2024-03-28T18:02:00Z,1,2024-03-16T11:55:00Z,200,297083,Commandeurstraat,Commandeurstraat 3,Oosterhout,4902 XM,159,51.63660748654624,4.86092706652002,0,Noord-Brabant,,,,,,,,,532414.0,25.0,50.0,1.0,NL*ALL*EGO0014251,2.0,11.0,20.0,16.0,400.0
False,2024-03-18T14:16:00Z,296695,9F7071DA-86AF-433A-8907-F33BEEC7C32F,1,108,1.0,"[{'ID': 532413, 'ConnectionTypeID': 25, 'Reference': 'AZ2371', 'StatusTypeID': 50, 'LevelID': 2, 'Amps': 16, 'Voltage': 400, 'PowerKW': 11, 'CurrentTypeID': 20, 'Quantity': 1}, {'ID': 532770, 'ConnectionTypeID': 25, 'Reference': 'CT1919', 'StatusTypeID': 50, 'LevelID': 2, 'Amps': 16, 'Voltage': 400, 'PowerKW': 11, 'CurrentTypeID': 20, 'Quantity': 1}]",2,50,2024-03-18T14:16:00Z,1,2024-03-16T11:32:00Z,200,297082,De Genestetlaan,De Genestetlaan 2,Roosendaal,4707 KZ,159,51.514544508548624,4.458062934154668,0,Noord-Brabant,,,,,,,,,532413.0,25.0,50.0,1.0,AZ2371,2.0,11.0,20.0,16.0,400.0
False,2024-03-28T18:02:00Z,296694,C396E63B-F665-47F4-AC0C-A970B4C2DD91,1,108,4.0,"[{'ID': 532412, 'ConnectionTypeID': 25, 'Reference': 'YY3435', 'StatusTypeID': 50, 'LevelID': 2, 'Amps': 16, 'Voltage': 400, 'PowerKW': 11, 'CurrentTypeID': 20, 'Quantity': 1}, {'ID': 532769, 'ConnectionTypeID': 25, 'Reference': 'ZA3698', 'StatusTypeID': 50, 'LevelID': 2, 'Amps': 16, 'Voltage': 400, 'PowerKW': 11, 'CurrentTypeID': 20, 'Quantity': 1}]",2,50,2024-03-28T18:02:00Z,1,2024-03-16T10:11:00Z,200,297081,Van Effenlaan,Van Effenlaan,Roosendaal,4707 JG,159,51.51800760426832,4.4571316174249205,0,Noord-Brabant,,,,,,,,,532412.0,25.0,50.0,1.0,YY3435,2.0,11.0,20.0,16.0,400.0
False,2024-03-28T18:02:00Z,296693,9A4385A6-7896-402C-90DB-2B67F88DE4DA,1,108,1.0,"[{'ID': 532411, 'ConnectionTypeID': 25, 'Reference': 'FY3316', 'StatusTypeID': 50, 'LevelID': 2, 'Amps': 16, 'Voltage': 400, 'PowerKW': 11, 'CurrentTypeID': 20, 'Quantity': 1}, {'ID': 532768, 'ConnectionTypeID': 25, 'Reference': 'NG5434', 'StatusTypeID': 50, 'LevelID': 2, 'Amps': 16, 'Voltage': 400, 'PowerKW': 11, 'CurrentTypeID': 20, 'Quantity': 1}]",2,50,2024-03-28T18:02:00Z,1,2024-03-16T10:01:00Z,200,297080,Kroevenlaan,Kroevenlaan 7,Roosendaal,4707 BJ,159,51.521568506627176,4.455175367519644,0,Noord-Brabant,,,,,,,,,532411.0,25.0,50.0,1.0,FY3316,2.0,11.0,20.0,16.0,400.0
False,2024-02-22T23:24:00Z,291323,4EBED6A3-9B99-42A6-84C8-4D7FA3500A20,1,3722,4.0,"[{'ID': 516429, 'ConnectionTypeID': 25, 'StatusTypeID': 50, 'LevelID': 2, 'Amps': 14, 'Voltage': 230, 'PowerKW': 3, 'CurrentTypeID': 10, 'Quantity': 2}]",2,50,2024-02-22T23:24:00Z,1,2024-02-19T23:23:00Z,200,291710,Guus Gelukstraat,Guus Gelukstraat,Almere,1336 ZK,159,52.4023011694529,5.330968937874218,0,Flevoland,"0,80",,,,,,,,516429.0,25.0,50.0,2.0,,2.0,3.0,10.0,14.0,230.0
False,2024-02-22T06:29:00Z,291159,3299AB32-2492-4011-9589-3E096F09A28E,1,108,4.0,"[{'ID': 515040, 'ConnectionTypeID': 25, 'StatusTypeID': 50, 'LevelID': 2, 'PowerKW': 11, 'CurrentTypeID': 20, 'Quantity': 2}]",2,50,2024-02-22T06:29:00Z,1,2024-02-15T12:26:00Z,200,291546,Middachten,Middachten,Ugchelen,7339 JG,159,52.18643996332335,5.950601823747206,0,Gelderland,,,,,,,,,515040.0,25.0,50.0,2.0,,2.0,11.0,20.0,,
False,2024-02-22T06:29:00Z,291157,023B9F25-904F-4CA3-9F26-533AF221EA37,1,103,1.0,"[{'ID': 515038, 'ConnectionTypeID': 25, 'StatusTypeID': 50, 'LevelID': 2, 'Amps': 16, 'Voltage': 400, 'PowerKW': 11, 'CurrentTypeID': 20, 'Quantity': 2}]",2,50,2024-02-22T06:29:00Z,1,2024-02-15T12:19:00Z,200,291544,Laan van Spitsbergen,Laan van Spitsbergen,Apeldoorn,7336 AX,159,52.19437528096577,5.934586927939563,0,Gelderland,,,,,,,,,515038.0,25.0,50.0,2.0,,2.0,11.0,20.0,16.0,400.0
False,2024-02-22T06:29:00Z,291094,051072B3-C9D6-47AD-8D6D-2DC28A58A8C8,1,103,4.0,"[{'ID': 514786, 'ConnectionTypeID': 25, 'StatusTypeID': 50, 'LevelID': 2, 'PowerKW': 11, 'CurrentTypeID': 20, 'Quantity': 2}]",2,50,2024-02-22T06:29:00Z,1,2024-02-14T15:14:00Z,200,291481,Bouwhofweg,Bouwhofweg,Apeldoorn,7339 HC,159,52.188398735706016,5.948754836016974,0,Gelderland,,,,,,,,,514786.0,25.0,50.0,2.0,,2.0,11.0,20.0,,
False,2024-02-22T06:29:00Z,291092,4946A563-1524-41D2-BF81-E4FFC02A7B52,1,47,1.0,"[{'ID': 514781, 'ConnectionTypeID': 33, 'StatusTypeID': 50, 'LevelID': 3, 'PowerKW': 300, 'CurrentTypeID': 30, 'Quantity': 4}, {'ID': 514782, 'ConnectionTypeID': 2, 'StatusTypeID': 50, 'LevelID': 3, 'PowerKW': 62, 'CurrentTypeID': 30, 'Quantity': 2}]",4,50,2024-02-22T06:29:00Z,1,2024-02-14T14:55:00Z,200,291479,Laan van Spitsbergen,Laan van Spitsbergen,Apeldoorn,7336 AX,159,52.19495130089291,5.934384220066477,0,Gelderland,,,,,,,,,514781.0,33.0,50.0,4.0,,3.0,300.0,30.0,,
False,2024-02-10T19:19:00Z,290722,2778E14D-8982-4BC1-A650-8C2BE7C0037A,1,3571,1.0,"[{'ID': 513598, 'ConnectionTypeID': 25, 'StatusTypeID': 50, 'LevelID': 2, 'Amps': 16, 'Voltage': 400, 'PowerKW': 11, 'CurrentTypeID': 20, 'Quantity': 1}]",2,50,2024-02-10T19:19:00Z,1,2024-02-07T19:14:00Z,200,291109,Total Energies Kamp 11,Kamp 11,Lelystad,8225 DB,159,52.50302547748146,5.482734387665346,0,Flevoland,,,,,,,,,513598.0,25.0,50.0,1.0,,2.0,11.0,20.0,16.0,400.0
False,2024-02-09T08:14:00Z,290620,65B79AAB-842E-4FE1-BB9E-C8950B2EB535,1,3504,1.0,"[{'ID': 513359, 'ConnectionTypeID': 33, 'StatusTypeID': 50, 'LevelID': 3, 'Amps': 250, 'Voltage': 1000, 'PowerKW': 160, 'CurrentTypeID': 30, 'Quantity': 6}]",6,50,2024-02-09T08:14:00Z,1,2024-02-05T11:03:00Z,200,291007,LEAP24 Charging Station,Energieweg 1,Vlissingen,4382WW,159,51.455029,3.592871,0,Zeeland,€0.59/kWh incl. VAT,http://www.leap24.eu,0800-2600005,,,,,,513359.0,33.0,50.0,6.0,,3.0,160.0,30.0,250.0,1000.0
False,2024-02-09T08:14:00Z,290274,20A9D333-B251-4F3D-B35B-A2CAB5BBF66B,1,3504,1.0,"[{'ID': 512764, 'ConnectionTypeID': 33, 'StatusTypeID': 50, 'LevelID': 3, 'Amps': 250, 'Voltage': 1000, 'PowerKW': 160, 'CurrentTypeID': 30, 'Quantity': 6}]",6,50,2024-02-09T08:14:00Z,1,2024-01-26T08:53:00Z,200,290661,LEAP24 Charging Station,De Lus 11 G3,Schagen,1742 PH,159,52.79654706800656,4.777353025477453,0,Noord-Holland,€0.59/kWh incl. VAT,http://www.leap24.eu,0800-2600005,,,,,,512764.0,33.0,50.0,6.0,,3.0,160.0,30.0,250.0,1000.0
False,2024-02-09T08:14:00Z,290273,B469A328-F629-4FB2-A9F6-1EA41E072120,1,3504,1.0,"[{'ID': 512763, 'ConnectionTypeID': 33, 'StatusTypeID': 50, 'LevelID': 3, 'Amps': 250, 'PowerKW': 60, 'CurrentTypeID': 30, 'Quantity': 2}]",2,50,2024-02-09T08:14:00Z,1,2024-01-26T08:51:00Z,200,290660,LEAP24 Charging Station,Roggeveenstraat 1,Veghel,5463 GG,159,51.60917893880824,5.551019466879666,0,Noord-Brabant,€0.59/kWh,http://www.leap24.eu,0800-2600005,,,,,,512763.0,33.0,50.0,2.0,,3.0,60.0,30.0,250.0,
False,2024-02-09T08:14:00Z,290272,525A1610-EE14-4B9A-8F49-E832103028DB,1,3504,1.0,"[{'ID': 512762, 'ConnectionTypeID': 33, 'StatusTypeID': 50, 'LevelID': 3, 'PowerKW': 120, 'CurrentTypeID': 30, 'Quantity': 4}]",4,50,2024-02-09T08:14:00Z,1,2024-01-26T08:47:00Z,200,290659,LEAP24 Charging Station,Ernst Machstraat 1,Nijverdal,7442 DL,159,52.361309435151384,6.507062493257536,0,Overijssel,"€0,59/kWh",http://www.leap24.eu,+31800-2600005,,,,,,512762.0,33.0,50.0,4.0,,3.0,120.0,30.0,,
False,2024-02-09T08:14:00Z,290271,C8452DEC-132B-4744-AEFB-954E3FEC08F5,1,3504,1.0,"[{'ID': 512761, 'ConnectionTypeID': 25, 'StatusTypeID': 50, 'LevelID': 2, 'PowerKW': 22, 'CurrentTypeID': 20, 'Quantity': 6}]",6,50,2024-02-09T08:14:00Z,1,2024-01-26T08:45:00Z,200,290658,LEAP24 AC Charging Station,Oude Groenewoudseweg 365,Nijmegen,6524 WZ,159,51.83222289469785,5.859548127078028,0,Gelderland,€0.36/kWh incl. VAT,http://www.leap24.eu,0800-2600005,,,,,,512761.0,25.0,50.0,6.0,,2.0,22.0,20.0,,
False,2024-02-09T08:14:00Z,290270,0E18A54A-F319-4ADC-A2B0-94D432F6FCB8,1,3504,1.0,"[{'ID': 512760, 'ConnectionTypeID': 33, 'StatusTypeID': 50, 'LevelID': 3, 'PowerKW': 160, 'CurrentTypeID': 30, 'Quantity': 8}]",8,50,2024-02-09T08:14:00Z,1,2024-01-26T08:35:00Z,200,290657,LEAP24 Charging Station,Kuipersweg 1,Haarlem,2031 EH,159,52.40020119899745,4.660123398882263,0,Noord-Holland,€0.59/kWh,http://www.leap24.eu,0800-2600005,,,,,,512760.0,33.0,50.0,8.0,,3.0,160.0,30.0,,
False,2024-02-09T08:14:00Z,290269,E5E0F698-2A2E-49ED-A4F9-EC867DEFEFEB,1,3504,1.0,"[{'ID': 512759, 'ConnectionTypeID': 33, 'StatusTypeID': 50, 'LevelID': 3, 'PowerKW': 160, 'CurrentTypeID': 30, 'Quantity': 12}]",12,50,2024-02-09T08:14:00Z,1,2024-01-26T08:30:00Z,200,290656,LEAP24 Charging Station,Ampèrestraat 14k,Leeuwarden,8912 AC,159,53.194740082505575,5.774600160921068,0,Fryslân,€0.59/kWh,http://www.leap24.eu,0800-2600005,,,,,,512759.0,33.0,50.0,12.0,,3.0,160.0,30.0,,
False,2024-02-09T08:14:00Z,290268,35FA4027-A2EA-450B-8AF3-8DBA5C6861DE,1,3504,1.0,"[{'ID': 512758, 'ConnectionTypeID': 33, 'StatusTypeID': 50, 'LevelID': 3, 'PowerKW': 150, 'CurrentTypeID': 30, 'Quantity': 2}]",2,50,2024-02-09T08:14:00Z,1,2024-01-26T08:19:00Z,200,290655,LEAP24 Charging Station,Anna van Hoëvellstraat 49,Wageningen,6702 DD,159,51.957579,5.640955,0,Gelderland,0.59 per kWh,http://leap24.eu,0800-2600005,,,,,,512758.0,33.0,50.0,2.0,,3.0,150.0,30.0,,
False,2024-02-09T08:14:00Z,290267,D1EA3BE7-FB09-47D7-8376-E7F3071B69BF,1,3504,1.0,"[{'ID': 512757, 'ConnectionTypeID': 33, 'StatusTypeID': 50, 'LevelID': 3, 'Amps': 250, 'PowerKW': 60, 'CurrentTypeID': 30, 'Quantity': 2}]",2,50,2024-02-09T08:14:00Z,1,2024-01-26T08:14:00Z,200,290654,LEAP24 Charging Station,Bertha von Suttnerstraat 15,Haarlem,2037 LE,159,52.35292213439669,4.665215826228348,0,Noord-Holland,€0.59/kWh,http://www.leap24.eu,0800-2600005,,,,,,512757.0,33.0,50.0,2.0,,3.0,60.0,30.0,250.0,
False,2024-02-09T08:14:00Z,290266,A5E75DBB-6A2A-4782-A814-F6095831AB5A,1,3504,1.0,"[{'ID': 512756, 'ConnectionTypeID': 33, 'StatusTypeID': 50, 'LevelID': 3, 'PowerKW': 300, 'CurrentTypeID': 30, 'Quantity': 10}]",10,50,2024-02-09T08:14:00Z,1,2024-01-26T08:04:00Z,200,290653,LEAP24 Charging Station,Schipholweg 275,Badhoevedorp,1171 PL,159,52.32797542283103,4.784033432245337,0,Noord-Holland,"€0,59/kWh",http://www.leap24.eu,0800-2600005,,,,,,512756.0,33.0,50.0,10.0,,3.0,300.0,30.0,,
False,2024-02-09T08:14:00Z,290265,BDA2B3AE-7B45-42A2-9650-D90E34011133,1,3504,1.0,"[{'ID': 512755, 'ConnectionTypeID': 33, 'StatusTypeID': 50, 'LevelID': 3, 'Amps': 250, 'PowerKW': 60, 'CurrentTypeID': 30, 'Quantity': 2}]",2,50,2024-02-09T08:14:00Z,1,2024-01-26T07:57:00Z,200,290652,LEAP24 Charging Station,Erasmusstraat 58,Deventer,7412 DR,159,52.26491461868875,6.144711103859038,0,Overijssel,€0.59/kWh,http://www.leap24.nl,0800-2600005,,,,,,512755.0,33.0,50.0,2.0,,3.0,60.0,30.0,250.0,
False,2024-02-09T08:14:00Z,290244,B4F94F80-5163-4297-8C88-1B0419D7F030,1,3504,1.0,"[{'ID': 512702, 'ConnectionTypeID': 33, 'StatusTypeID': 50, 'LevelID': 3, 'PowerKW': 240, 'CurrentTypeID': 30, 'Quantity': 4}]",4,50,2024-02-09T08:14:00Z,1,2024-01-25T13:43:00Z,200,290631,LEAP24 Charging Station,Keulsebaan 509,Roermond,6045GG,159,51.173289,6.025068,0,Limburg,0.59 per kWh,,,,,,,,512702.0,33.0,50.0,4.0,,3.0,240.0,30.0,,
False,2024-02-09T08:14:00Z,290243,C2F542DC-D00A-4BD0-A53F-9EE9F6946AC4,1,3504,1.0,"[{'ID': 512699, 'ConnectionTypeID': 33, 'StatusTypeID': 50, 'LevelID': 3, 'Amps': 250, 'Voltage': 1000, 'PowerKW': 160, 'CurrentTypeID': 30, 'Quantity': 6}]",6,50,2024-02-09T08:14:00Z,1,2024-01-25T11:42:00Z,200,290630,LEAP24 Charging Station,Bornerbroeksestraat 455,Almelo,7609 PK,159,52.33380072384009,6.656853106297244,0,Overijssel,€0.59/kWh incl. VAT,http://leap24.eu,0800-2600005,,,,,,512699.0,33.0,50.0,6.0,,3.0,160.0,30.0,250.0,1000.0
False,2024-02-09T08:14:00Z,290241,F0FBF94F-25E5-4433-BC77-D1635ED0E1BE,1,3504,1.0,"[{'ID': 512696, 'ConnectionTypeID': 33, 'StatusTypeID': 50, 'LevelID': 3, 'Amps': 250, 'PowerKW': 60, 'CurrentTypeID': 30, 'Quantity': 1}]",2,50,2024-02-09T08:14:00Z,1,2024-01-25T09:34:00Z,200,290628,LEAP24 Charging Station,Gratingastins 10,Leeuwarden,8925 GD,159,53.20627940462643,5.843413511598072,0,Fryslân,€0.59/kWh,http://leap24.eu/,08002600005,,,,,,512696.0,33.0,50.0,1.0,,3.0,60.0,30.0,250.0,
False,2024-01-15T02:41:00Z,288958,731B4285-5DFD-41FE-B8A5-E60B27C91694,1,63,4.0,"[{'ID': 507131, 'ConnectionTypeID': 25, 'StatusTypeID': 50, 'LevelID': 2, 'PowerKW': 11, 'CurrentTypeID': 20, 'Quantity': 1}]",2,50,2024-01-15T02:41:00Z,1,2023-12-27T11:05:00Z,200,289345,Hoornderslag,Hoornderslag,,1797 RT,159,53.0210025395009,4.7115799246217875,0,Noord-Holland,,,,,,,,,507131.0,25.0,50.0,1.0,,2.0,11.0,20.0,,
False,2024-01-15T02:41:00Z,288957,008C300F-20D0-4978-A712-493DCC7E4B45,1,3746,4.0,"[{'ID': 507130, 'ConnectionTypeID': 25, 'StatusTypeID': 50, 'LevelID': 2, 'PowerKW': 11, 'CurrentTypeID': 20, 'Quantity': 1}]",4,50,2024-01-15T02:41:00Z,1,2023-12-27T10:45:00Z,200,289344,Krimweg 180,Krimweg,,1795 LS,159,53.15861725238565,4.844968413008758,0,Noord-Holland,,https://justplugin.nl/,,,,,,,507130.0,25.0,50.0,1.0,,2.0,11.0,20.0,,
False,2023-12-09T20:19:00Z,285212,E6EF405F-01FC-4BA0-95C1-E402E6F1A705,1,47,5.0,"[{'ID': 503113, 'ConnectionTypeID': 33, 'StatusTypeID': 50, 'LevelID': 3, 'PowerKW': 125, 'CurrentTypeID': 30, 'Quantity': 2}, {'ID': 503114, 'ConnectionTypeID': 2, 'StatusTypeID': 50, 'LevelID': 3, 'PowerKW': 70, 'CurrentTypeID': 30, 'Quantity': 2}]",2,50,2023-12-09T20:19:00Z,1,2023-12-06T20:18:00Z,200,285599,Shell Recharge Charging Station,Van Slingelandtstraat 45,Amsterdam,1051 CH ,159,52.38383781,4.8647564,0,,40€,,,,,,,,503113.0,33.0,50.0,2.0,,3.0,125.0,30.0,,
False,2023-10-28T05:44:00Z,279413,9D582448-72DE-42A8-8D9B-BC6076849540,1,103,4.0,"[{'ID': 484481, 'ConnectionTypeID': 25, 'StatusTypeID': 50, 'LevelID': 2, 'PowerKW': 11, 'Quantity': 0}]",2,50,2023-10-28T05:44:00Z,1,2023-10-25T05:40:00Z,200,279800,Allego,Ridderstraat 250,Culemborg,4101 BK,159,51.95637711989457,5.2269599599578385,0,Gelderland,"€0,626/kWh",,,,,,,,484481.0,25.0,50.0,0.0,,2.0,11.0,,,
False,2023-10-22T08:33:00Z,279263,7060A48D-3E24-4AD8-9B72-E78C166FCF3B,1,1,1.0,"[{'ID': 484224, 'ConnectionTypeID': 25, 'StatusTypeID': 50, 'LevelID': 2, 'PowerKW': 22, 'CurrentTypeID': 20, 'Quantity': 1}]",1,50,2023-10-22T08:33:00Z,1,2023-10-19T07:44:00Z,200,279650,Scheffer Media,Nanningaweg 8,Oosterwolde,8431AA,159,52.99110127469331,6.289915949718733,0,Friesland,,,,,,,,,484224.0,25.0,50.0,1.0,,2.0,22.0,20.0,,
False,2023-10-09T02:47:00Z,278546,2C8BA0B2-215D-4562-958E-16EADBA8246A,1,103,4.0,"[{'ID': 481502, 'ConnectionTypeID': 25, 'StatusTypeID': 50, 'LevelID': 2, 'Amps': 16, 'Voltage': 400, 'PowerKW': 11, 'CurrentTypeID': 20, 'Quantity': 2}]",2,50,2023-10-09T02:47:00Z,1,2023-10-01T08:01:00Z,200,278933,Emmerhoutstraat,Emmerhoutstraat 1,Emmen,7814 XV,159,52.816950648536505,6.918983149911014,0,Drenthe,,,,,,,,,481502.0,25.0,50.0,2.0,,2.0,11.0,20.0,16.0,400.0
False,2023-09-06T03:31:00Z,274104,E2271DB6-74AC-497D-970E-C08AD6436D3C,1,3387,1.0,"[{'ID': 474879, 'ConnectionTypeID': 33, 'Reference': 'NL*LMS*E1895770*1', 'StatusTypeID': 50, 'LevelID': 3, 'Amps': 90, 'PowerKW': 60, 'CurrentTypeID': 30, 'Quantity': 1}, {'ID': 474889, 'ConnectionTypeID': 2, 'Reference': 'NL*LMS*E1895770*3', 'StatusTypeID': 50, 'LevelID': 3, 'PowerKW': 501, 'CurrentTypeID': 30, 'Quantity': 1}]",1,50,2023-09-06T03:31:00Z,1,2023-09-01T10:38:00Z,200,274488,Boerderijwinkel Lagerweij,Rijksstraatweg 61c,Buurmalsen,4197 RL,159,51.91593988845722,5.276771337816967,0,,"€0,47/kWh",https://www.boerderijwinkellagerweij.nl,0615486543,,oplaadpunt,info@lagerweijeieren.nl,,,474879.0,33.0,50.0,1.0,NL*LMS*E1895770*1,3.0,60.0,30.0,90.0,
False,2023-09-06T03:31:00Z,273936,478EBD74-9B6B-4901-A53E-DE2FB4151842,1,103,1.0,"[{'ID': 474189, 'ConnectionTypeID': 33, 'StatusTypeID': 50, 'LevelID': 3, 'PowerKW': 150, 'CurrentTypeID': 30, 'Quantity': 4}]",4,50,2023-09-06T03:31:00Z,1,2023-08-25T11:05:00Z,200,274320,Van der Valk Larserplein Lelystad,Larserplein 1,City, 8226 PB,159,52.48266239886473,5.504657788635541,0,Flevoland,,,,,,,,,474189.0,33.0,50.0,4.0,,3.0,150.0,30.0,,
False,2023-09-06T03:31:00Z,273927,E0081CC8-8023-4E25-AE12-A52E2D488AC0,1,3632,1.0,"[{'ID': 474177, 'ConnectionTypeID': 33, 'StatusTypeID': 50, 'LevelID': 3, 'PowerKW': 88, 'CurrentTypeID': 30, 'Quantity': 2}]",4,50,2023-09-06T03:31:00Z,1,2023-08-25T08:40:00Z,200,274311,KFC Larserplein Lelystad,Larserplein 20,City,8226 PB,159,52.48275573026649,5.505836542592618,0,Flevoland,,,,,,,,,474177.0,33.0,50.0,2.0,,3.0,88.0,30.0,,
False,2023-04-26T10:04:00Z,260616,C26B4CFA-2E37-428E-A744-59F4B824E1E4,1,3504,1.0,"[{'ID': 438684, 'ConnectionTypeID': 33, 'Reference': 'LEAP24', 'StatusTypeID': 50, 'LevelID': 3, 'Amps': 273, 'Voltage': 440, 'PowerKW': 120, 'CurrentTypeID': 30, 'Quantity': 4}]",4,50,2023-04-26T10:04:00Z,1,2023-04-26T09:51:00Z,200,261000,LEAP24 Fastcharging station,Kleveringweg 9A,Delft,2616 LZ,159,52.02587329680358,4.363657738411348,0,Zuid-Holland,0.59 per kWH,http://leap24.eu, 0800 2600005,085 073 6070,,,,,438684.0,33.0,50.0,4.0,LEAP24,3.0,120.0,30.0,273.0,440.0
False,2023-04-26T10:05:00Z,260615,A5C3ECBB-5580-426B-B7EA-F937E29DC407,1,3504,1.0,"[{'ID': 438683, 'ConnectionTypeID': 33, 'Reference': 'LEAP24', 'StatusTypeID': 50, 'LevelID': 3, 'Amps': 167, 'Voltage': 900, 'PowerKW': 160, 'CurrentTypeID': 30, 'Quantity': 6}]",6,50,2023-04-26T10:05:00Z,1,2023-04-26T09:48:00Z,200,260999,LEAP24 Fast Charging Station,Graham Bellstraat 43,Zwolle,8013 PL,159,52.48467601267876,6.131613538762423,0,Overijssel,0.59 per kwh,http://leap24.eu,0800-2500005,0850736070,,,,,438683.0,33.0,50.0,6.0,LEAP24,3.0,160.0,30.0,167.0,900.0
False,2023-04-26T10:05:00Z,260614,97CC7F48-4C1E-4B2C-8F64-674E28AC0FC9,1,3504,1.0,"[{'ID': 438682, 'ConnectionTypeID': 33, 'Reference': 'LEAP24', 'StatusTypeID': 50, 'LevelID': 3, 'Amps': 250, 'PowerKW': 160, 'CurrentTypeID': 30, 'Quantity': 6}]",6,50,2023-04-26T10:05:00Z,1,2023-04-26T09:41:00Z,200,260998,Eeser Veld,Eeser Veld,Steenwijk,8347 JD,159,52.804779000051155,6.133885326612699,0,Overijssel,0.59 ct per kwh,, 0800-2600005,0850736070,,,,,438682.0,33.0,50.0,6.0,LEAP24,3.0,160.0,30.0,250.0,
False,2023-04-22T18:47:00Z,260350,C0980657-1FE9-41D6-BE51-1C3108A1CFE8,1,1,4.0,"[{'ID': 437969, 'ConnectionTypeID': 25, 'StatusTypeID': 50, 'LevelID': 2, 'PowerKW': 11, 'CurrentTypeID': 10, 'Quantity': 2}]",1,50,2023-04-22T18:47:00Z,1,2023-04-21T13:57:00Z,200,260734,Berliozstraat,Berliozstraat,Capelle aan den IJssel,2901 GA,159,51.91689902158163,4.56201683552149,0,Zuid-Holland,,,,,,,,,437969.0,25.0,50.0,2.0,,2.0,11.0,10.0,,
False,2023-04-22T18:47:00Z,260348,D2769DA9-7D64-4719-8460-BDDC6272D6CB,1,1,4.0,"[{'ID': 437965, 'ConnectionTypeID': 25, 'StatusTypeID': 50, 'LevelID': 2, 'PowerKW': 11, 'CurrentTypeID': 10, 'Quantity': 2}]",1,50,2023-04-22T18:47:00Z,1,2023-04-21T13:49:00Z,200,260732,Puccinistraat,Puccinistraat,Capelle aan den IJssel,2901 GL,159,51.91759733356153,4.56515469493084,0,Zuid-Holland,,,,,,,,,437965.0,25.0,50.0,2.0,,2.0,11.0,10.0,,
False,2023-04-21T08:52:00Z,260327,432BB27C-C647-46E1-8AB5-5800CA889A84,1,3387,4.0,"[{'ID': 437916, 'ConnectionTypeID': 25, 'Reference': 'SGZH1-03594', 'StatusTypeID': 50, 'LevelID': 2, 'Amps': 16, 'Voltage': 400, 'PowerKW': 11, 'CurrentTypeID': 20, 'Quantity': 2}]",2,50,2023-04-21T08:52:00Z,1,2023-04-20T21:19:00Z,200,260711,Castellum,Rossinistraat 112,Capelle aan den Ijssel,2901GJ,159,51.9168755697022,4.565175905029946,0,,,,,,,,,,437916.0,25.0,50.0,2.0,SGZH1-03594,2.0,11.0,20.0,16.0,400.0
False,2023-03-21T12:10:00Z,258262,03D9A1C1-B6F8-412E-AD98-BCE427A2E323,1,103,4.0,"[{'ID': 431516, 'ConnectionTypeID': 33, 'StatusTypeID': 50, 'LevelID': 3, 'PowerKW': 50, 'CurrentTypeID': 30, 'Quantity': 1}, {'ID': 431517, 'ConnectionTypeID': 2, 'StatusTypeID': 50, 'LevelID': 3, 'PowerKW': 50, 'CurrentTypeID': 30, 'Quantity': 1}, {'ID': 431518, 'ConnectionTypeID': 1036, 'StatusTypeID': 50, 'LevelID': 3, 'PowerKW': 43, 'CurrentTypeID': 20, 'Quantity': 1}]",1,50,2023-03-21T12:10:00Z,1,2023-03-21T09:35:00Z,200,258646,Groene Kruisweg,Groene Kruisweg,Spijkenisse,3208 KA,159,51.858566250616946,4.2936322845002906,0,Zuid-Holland,,,,,,,,,431516.0,33.0,50.0,1.0,,3.0,50.0,30.0,,
False,2023-03-15T11:19:00Z,256957,C274DD57-63EE-4953-8723-61A928DC8A64,1,1,6.0,[],1,50,2023-03-15T11:19:00Z,1,2023-03-15T10:20:00Z,200,257341,De Wildkansel,De Wildkansel,,8251 ME,159,52.521086139767704,5.731164197082762,0,Flevoland,,,,,,,,,,,,,,,,,,
False,2023-03-04T15:56:00Z,238390,54DE6F07-8F83-4D6C-AC5C-F46C3CC5AF40,1,47,4.0,"[{'ID': 392175, 'ConnectionTypeID': 33, 'StatusTypeID': 50, 'LevelID': 3, 'PowerKW': 50, 'CurrentTypeID': 30, 'Quantity': 1}, {'ID': 392176, 'ConnectionTypeID': 2, 'StatusTypeID': 50, 'LevelID': 3, 'PowerKW': 50, 'CurrentTypeID': 30, 'Quantity': 1}]",1,50,2023-03-04T15:56:00Z,1,2023-03-04T15:56:00Z,200,238774,Mc Donalds Ijsselstein,Lorentzlaan,IJsselstein,3401 MX,159,52.014896340300794,5.06245760912293,0,Utrecht,,,,,,,,,392175.0,33.0,50.0,1.0,,3.0,50.0,30.0,,
False,2023-03-04T15:52:00Z,238389,2A59654E-C064-4234-AD9F-9E814387FE0B,1,47,4.0,"[{'ID': 392173, 'ConnectionTypeID': 33, 'StatusTypeID': 50, 'LevelID': 3, 'PowerKW': 175, 'CurrentTypeID': 30, 'Quantity': 6}, {'ID': 392174, 'ConnectionTypeID': 2, 'StatusTypeID': 50, 'LevelID': 3, 'PowerKW': 50, 'CurrentTypeID': 30, 'Quantity': 1}]",6,50,2023-03-04T15:52:00Z,1,2023-03-04T15:52:00Z,200,238773,Haje Allego Ultra E Nieuwegein Oost,Waterliniedok,Nieuwegein,3433 NV,159,52.01118158983823,5.1220471338107245,0,Utrecht,,,,,,,,,392173.0,33.0,50.0,6.0,,3.0,175.0,30.0,,
False,2023-03-04T15:49:00Z,238388,2C11156F-072A-416A-9489-B2D96889BD9F,1,47,4.0,"[{'ID': 392171, 'ConnectionTypeID': 33, 'StatusTypeID': 50, 'LevelID': 3, 'PowerKW': 50, 'CurrentTypeID': 30, 'Quantity': 1}, {'ID': 392172, 'ConnectionTypeID': 2, 'StatusTypeID': 50, 'LevelID': 3, 'PowerKW': 50, 'CurrentTypeID': 30, 'Quantity': 1}]",1,50,2023-03-04T15:49:00Z,1,2023-03-04T15:49:00Z,200,238772,Mc Donalds Nieuwegein ,Ravenswade,Nieuwegein,3439 LD,159,52.04920110246246,5.117388801827872,0,Utrecht,,,,,,,,,392171.0,33.0,50.0,1.0,,3.0,50.0,30.0,,
False,2023-03-04T14:27:00Z,238387,7CC524E9-1377-47C2-97A5-B616B76DD825,1,47,4.0,"[{'ID': 392170, 'ConnectionTypeID': 33, 'StatusTypeID': 50, 'LevelID': 3, 'PowerKW': 175, 'CurrentTypeID': 30, 'Quantity': 2}]",2,50,2023-03-04T14:27:00Z,1,2023-03-04T14:27:00Z,200,238771,Divers Woerden,Europabaan,Woerden,3446 CE,159,52.075587540309186,4.901184234016853,0,Utrecht,,,,,,,,,392170.0,33.0,50.0,2.0,,3.0,175.0,30.0,,
False,2023-03-04T14:16:00Z,238386,A543C1A2-9612-4492-B227-394A6A0143D1,1,47,4.0,"[{'ID': 392167, 'ConnectionTypeID': 33, 'StatusTypeID': 50, 'LevelID': 3, 'PowerKW': 175, 'CurrentTypeID': 30, 'Quantity': 2}, {'ID': 392168, 'ConnectionTypeID': 2, 'StatusTypeID': 50, 'LevelID': 3, 'PowerKW': 70, 'CurrentTypeID': 30, 'Quantity': 2}]",2,50,2023-03-04T14:16:00Z,1,2023-03-04T14:16:00Z,200,238770,Shell A12 Hellevliet,Rijksweg A12,Woerden,3481 CV,159,52.08093975266934,4.983936303056225,0,Utrecht,,,,,,,,,392167.0,33.0,50.0,2.0,,3.0,175.0,30.0,,
False,2023-03-04T14:11:00Z,238385,929C3638-907E-4E94-AC57-21EA35065635,1,47,4.0,"[{'ID': 392165, 'ConnectionTypeID': 33, 'StatusTypeID': 50, 'LevelID': 3, 'PowerKW': 175, 'CurrentTypeID': 30, 'Quantity': 2}, {'ID': 392166, 'ConnectionTypeID': 2, 'StatusTypeID': 50, 'LevelID': 3, 'PowerKW': 70, 'CurrentTypeID': 30, 'Quantity': 2}]",2,50,2023-03-04T14:11:00Z,1,2023-03-04T14:07:00Z,200,238769,Shell Recharge Veldhuizen,Veldhuizerweg,Harmelen,3481 ZZ,159,52.0819105021566,5.003278715701072,0,Utrecht,,,,,,,,,392165.0,33.0,50.0,2.0,,3.0,175.0,30.0,,
False,2023-02-23T20:59:00Z,235545,CF27F53F-B0FD-40E3-B0C6-BFC3350BB87B,1,3387,4.0,"[{'ID': 388570, 'ConnectionTypeID': 25, 'Reference': 'SGZH1-03906 SGZH', 'StatusTypeID': 50, 'LevelID': 2, 'Amps': 16, 'Voltage': 400, 'PowerKW': 11, 'CurrentTypeID': 20, 'Quantity': 2}]",2,50,2023-02-23T20:59:00Z,1,2023-02-23T20:42:00Z,200,235929,Rivierenlaan 164,Rivierenlaan 164,Pijnacker,2641 RK,159,52.008437986141985,4.438623144085568,0,Zuid-Holland,,,,,,,,,388570.0,25.0,50.0,2.0,SGZH1-03906 SGZH,2.0,11.0,20.0,16.0,400.0
False,2023-02-21T13:18:00Z,235341,760B6873-7F7A-4378-BB0B-2EC793085F0D,1,103,1.0,"[{'ID': 388152, 'ConnectionTypeID': 25, 'Reference': 'NLALLEGO011946', 'StatusTypeID': 50, 'LevelID': 2, 'Amps': 16, 'Voltage': 400, 'PowerKW': 11, 'CurrentTypeID': 20, 'Quantity': 2}]",2,50,2023-02-21T13:18:00Z,1,2023-02-18T09:43:00Z,200,235725,Rosendaalsestraat 318,Rosendaalsestraat 318,Arnhem,6824 CW,159,51.989283738948245,5.926502582741591,0,,,https://www.allego.eu/,,,,,,"Allego NLALLEGO011946
NL-ALL-NLALLEGO011946",388152.0,25.0,50.0,2.0,NLALLEGO011946,2.0,11.0,20.0,16.0,400.0
False,2023-02-11T08:31:00Z,213619,1DE21223-B9D5-446D-8B1C-4C29BF2329DA,1,45,1.0,"[{'ID': 355834, 'ConnectionTypeID': 33, 'Reference': 'NL*AVI*ENLAVIM0000027*1', 'StatusTypeID': 50, 'LevelID': 3, 'PowerKW': 138, 'CurrentTypeID': 30, 'Quantity': 1}, {'ID': 367061, 'ConnectionTypeID': 33, 'Reference': 'NL*AVI*ENLAVIM0000027*2', 'StatusTypeID': 50, 'LevelID': 3, 'PowerKW': 120, 'CurrentTypeID': 30}]",2,50,2023-02-11T08:31:00Z,1,2023-02-08T14:38:00Z,200,213999,Avia Marees Den Oever,Havenweg 2,Den Oever,1779 XT,159,52.92906820812402,5.028645395294689,0,Noord Holland,€0.65 per kWh,,,,,,,,355834.0,33.0,50.0,1.0,NL*AVI*ENLAVIM0000027*1,3.0,138.0,30.0,,
False,2024-01-26T11:05:00Z,212424,DC6664F5-EAE1-4838-81B6-D6E2BB3B7202,1,3504,1.0,"[{'ID': 353652, 'ConnectionTypeID': 33, 'StatusTypeID': 50, 'LevelID': 3, 'Amps': 250, 'PowerKW': 120, 'CurrentTypeID': 30, 'Quantity': 4}]",4,50,2024-01-26T11:05:00Z,1,2023-01-17T14:01:00Z,200,212804,Meester Cramerweg,Meester Cramerweg,Hoogeveen,7913 WB,159,52.710549409171165,6.517221954540901,0,Drenthe,€0.59/kWh,http://www.leap24.eu,0800-2600005,,,,,,353652.0,33.0,50.0,4.0,,3.0,120.0,30.0,250.0,
False,2024-01-26T11:05:00Z,212423,C70CDFC4-7983-4EBB-B5B2-BDED2CF8AE57,1,3504,1.0,"[{'ID': 353651, 'ConnectionTypeID': 33, 'StatusTypeID': 50, 'LevelID': 3, 'Amps': 250, 'PowerKW': 60, 'CurrentTypeID': 30, 'Quantity': 2}]",2,50,2024-01-26T11:05:00Z,1,2023-01-17T14:00:00Z,200,212803,Zeemansstraat,Zeemansstraat 21,Zaandam,1506 CS,159,52.440784547014516,4.821080344094412,0,Noord-Holland,€0.59/kWh,http://www.leap24.eu,0800-2600005,,,,,,353651.0,33.0,50.0,2.0,,3.0,60.0,30.0,250.0,
False,2023-04-26T19:18:00Z,212422,D5563442-3D8D-4026-8414-0ABA137DA984,1,3504,1.0,"[{'ID': 353650, 'ConnectionTypeID': 33, 'StatusTypeID': 50, 'LevelID': 3, 'Amps': 250, 'Voltage': 1000, 'PowerKW': 160, 'CurrentTypeID': 30, 'Quantity': 8}]",8,50,2023-04-26T19:18:00Z,1,2023-01-17T13:57:00Z,200,212802,Oude Groenewoudseweg,Oude Groenewoudseweg 365,,6524 WZ,159,51.83215405018595,5.859914320165842,0,Gelderland,€0.59/kWh incl. VAT,,,,,,Nijmegen-Oost,,353650.0,33.0,50.0,8.0,,3.0,160.0,30.0,250.0,1000.0
False,2023-01-05T09:06:00Z,211127,824F3540-68D8-4929-84A9-B4E5DBEF4B97,1,69,4.0,"[{'ID': 351964, 'ConnectionTypeID': 25, 'StatusTypeID': 50, 'LevelID': 2, 'PowerKW': 22, 'CurrentTypeID': 20, 'Quantity': 2}]",2,50,2023-01-05T09:06:00Z,1,2023-01-05T09:04:00Z,200,211507,Parking Hoogvliet,De Halte 269,Ede,6711 NZ,159,52.04184477866,5.666623285234095,0,Gelderland,,,,,,,,,351964.0,25.0,50.0,2.0,,2.0,22.0,20.0,,
True,2024-05-07T20:00:00Z,211037,5262217F-0A62-45EE-98E5-3FF601A11B46,1,2244,1.0,"[{'ID': 351776, 'ConnectionTypeID': 25, 'StatusTypeID': 50, 'LevelID': 2, 'Amps': 16, 'Voltage': 400, 'PowerKW': 11, 'CurrentTypeID': 20, 'Quantity': 1}]",2,50,2024-05-07T20:00:00Z,1,2022-12-30T11:13:00Z,200,211417,Kamp 15,Kamp 15,Lelystad,,159,52.5043093824838,5.482155730281818,0,Flevoland,,,,,Next to garbage recycling station. A little hard to reach due to bushes. ,,,"De paal heeft vrij veel storingen in de validatie van mijn druppel, soms wordt midden in de nacht de paal ineens herstart zodat de laadsessie niet doorloopt. ",351776.0,25.0,50.0,1.0,,2.0,11.0,20.0,16.0,400.0
False,2022-12-26T20:29:00Z,210962,402BC01C-1768-45D7-96EA-143BFC684F2E,1,47,1.0,"[{'ID': 351647, 'ConnectionTypeID': 2, 'Reference': 'NLEFLEV1490043', 'StatusTypeID': 50, 'LevelID': 3, 'PowerKW': 100, 'CurrentTypeID': 30, 'Quantity': 1}, {'ID': 351648, 'ConnectionTypeID': 33, 'StatusTypeID': 50, 'LevelID': 3, 'PowerKW': 180, 'CurrentTypeID': 30, 'Quantity': 3}]",2,50,2022-12-26T20:29:00Z,1,2022-12-26T14:44:00Z,200,211342,Jan Tinbergenweg,Jan Tinbergenweg 3,Zwaag,1689 ZV,159,52.68088528852729,5.084495657004027,0,North Holland,,,,,,,,,351647.0,2.0,50.0,1.0,NLEFLEV1490043,3.0,100.0,30.0,,
False,2022-12-13T14:18:00Z,210384,AAB6EA96-7F03-42DA-AF1E-BB8644854DDE,1,63,1.0,"[{'ID': 350395, 'ConnectionTypeID': 25, 'Reference': 'NL*GFX*EPP004046*2', 'StatusTypeID': 50, 'LevelID': 2, 'Amps': 30, 'Voltage': 230, 'PowerKW': 6, 'CurrentTypeID': 10, 'Quantity': 1}, {'ID': 350396, 'ConnectionTypeID': 25, 'Reference': 'NL*GFX*EPP004046*1', 'StatusTypeID': 50, 'LevelID': 2, 'Amps': 30, 'Voltage': 230, 'PowerKW': 6, 'CurrentTypeID': 10, 'Quantity': 1}]",1,50,2022-12-13T14:18:00Z,1,2022-12-10T12:36:00Z,200,210764,Theemsstraat,Theemsstraat,Haarlem,2014 RZ,159,52.37507619143503,4.613204035808508,0,North Holland,,,,,,,,,350395.0,25.0,50.0,1.0,NL*GFX*EPP004046*2,2.0,6.0,10.0,30.0,230.0
False,2022-12-15T15:45:00Z,210349,1BA14176-821A-4B5C-B22A-D4ECF02448DF,1,1,4.0,"[{'ID': 350318, 'ConnectionTypeID': 25, 'StatusTypeID': 50, 'LevelID': 2, 'PowerKW': 17, 'CurrentTypeID': 20, 'Quantity': 2}, {'ID': 350319, 'ConnectionTypeID': 25, 'StatusTypeID': 50, 'LevelID': 2, 'PowerKW': 13, 'CurrentTypeID': 20, 'Quantity': 1}]",2,50,2022-12-15T15:45:00Z,1,2022-12-09T16:18:00Z,200,210729,Parkeerterrein Regius College,Julianalaan,Schagen,1741 CL,159,52.783795024517815,4.797450942261776,0,Noord-Holland,,,,,,,,,350318.0,25.0,50.0,2.0,,2.0,17.0,20.0,,
False,2024-01-26T11:05:00Z,209765,36CA222A-F89B-420D-B8F1-380D90701DCC,1,3504,1.0,"[{'ID': 349049, 'ConnectionTypeID': 33, 'StatusTypeID': 50, 'LevelID': 3, 'Amps': 136, 'Voltage': 440, 'PowerKW': 30, 'CurrentTypeID': 30, 'Quantity': 5}]",5,50,2024-01-26T11:05:00Z,1,2022-11-04T12:43:00Z,200,210145,Bavoort LEAP24 Semi-Fast charger,Treekerweg 28,Leusden,3832 GW,159,52.12276082899771,5.400444811984585,0,Utrecht,"0,59 €/kWh",http://leap24.eu,,,,,Leusden-Zuid,,349049.0,33.0,50.0,5.0,,3.0,30.0,30.0,136.0,440.0
False,2022-10-16T09:57:00Z,208214,8C1FD358-ED02-4E4F-BD09-41ABFFF96520,1,1,4.0,"[{'ID': 346514, 'ConnectionTypeID': 25, 'StatusTypeID': 50, 'LevelID': 2, 'PowerKW': 11, 'Quantity': 1}]",4,50,2022-10-16T09:57:00Z,1,2022-10-15T09:32:00Z,200,208594,Avelingen-West,Avelingen-West,Gorinchem,4202MS,159,51.8360073270031,4.939790531752465,0,South Holland,,,,,,,,,346514.0,25.0,50.0,1.0,,2.0,11.0,,,
False,2023-02-13T21:02:00Z,208212,FB80590A-D651-4DAC-86B7-20FA97E75F1B,1,1,4.0,"[{'ID': 346511, 'ConnectionTypeID': 25, 'StatusTypeID': 50, 'LevelID': 2, 'PowerKW': 11, 'Quantity': 1}]",4,50,2023-02-13T21:02:00Z,1,2022-10-15T09:26:00Z,200,208592,50 Van Heemstraweg,50 Van Heemstraweg,West Maas en Waal,6658KH,159,51.87832100591848,5.522909074397148,0,Gelderland,,,,,,,,CPID LIB_2912,346511.0,25.0,50.0,1.0,,2.0,11.0,,,
False,2022-10-10T19:59:00Z,207411,F8A12675-1011-453F-A988-6FFCD92E2089,1,63,4.0,"[{'ID': 345323, 'ConnectionTypeID': 25, 'Reference': 'NL-GFX-ENTLP007209-2', 'StatusTypeID': 50, 'LevelID': 2, 'PowerKW': 17, 'CurrentTypeID': 20, 'Quantity': 1}, {'ID': 345324, 'ConnectionTypeID': 25, 'Reference': 'NL-GFX-ENTLP007209-1', 'StatusTypeID': 50, 'LevelID': 2, 'PowerKW': 17, 'CurrentTypeID': 20, 'Quantity': 1}]",1,50,2022-10-10T19:59:00Z,1,2022-10-10T18:40:00Z,200,207791,4 Einsteinstraat,4 Einsteinstraat,Haarlem,2014KS,159,52.36773974028,4.612164531240637,0,North Holland,,,+31 (0) 30 41 00 887,,,,,,345323.0,25.0,50.0,1.0,NL-GFX-ENTLP007209-2,2.0,17.0,20.0,,
False,2022-10-10T20:18:00Z,206938,4540E353-26BD-4D16-AE8E-C4A4FE87FC4E,1,103,1.0,"[{'ID': 344651, 'ConnectionTypeID': 25, 'Reference': 'NLALLEGO0043541', 'StatusTypeID': 50, 'LevelID': 2, 'PowerKW': 22, 'CurrentTypeID': 20, 'Quantity': 1}, {'ID': 345370, 'ConnectionTypeID': 25, 'Reference': 'NLALLEGO0043562', 'StatusTypeID': 50, 'LevelID': 2, 'PowerKW': 22, 'CurrentTypeID': 20, 'Quantity': 1}, {'ID': 345371, 'ConnectionTypeID': 25, 'Reference': 'NLALLEGO0043561', 'StatusTypeID': 50, 'LevelID': 2, 'PowerKW': 22, 'CurrentTypeID': 20, 'Quantity': 1}, {'ID': 345372, 'ConnectionTypeID': 25, 'Reference': 'NLALLEGO0043542', 'StatusTypeID': 50, 'LevelID': 2, 'PowerKW': 22, 'CurrentTypeID': 20, 'Quantity': 1}, {'ID': 345373, 'ConnectionTypeID': 25, 'Reference': 'NLALLEGO0043611', 'StatusTypeID': 50, 'LevelID': 2, 'PowerKW': 22, 'CurrentTypeID': 20, 'Quantity': 1}, {'ID': 345374, 'ConnectionTypeID': 25, 'Reference': 'NLALLEGO0043582', 'StatusTypeID': 50, 'LevelID': 2, 'PowerKW': 22, 'CurrentTypeID': 20, 'Quantity': 1}, {'ID': 345375, 'ConnectionTypeID': 25, 'Reference': 'NLALLEGO0043581', 'StatusTypeID': 50, 'LevelID': 2, 'PowerKW': 22, 'CurrentTypeID': 20, 'Quantity': 1}, {'ID': 345376, 'ConnectionTypeID': 25, 'Reference': 'NLALLEGO0043612', 'StatusTypeID': 50, 'LevelID': 2, 'PowerKW': 22, 'CurrentTypeID': 20, 'Quantity': 1}, {'ID': 345377, 'ConnectionTypeID': 25, 'Reference': 'NLALLEGO0043591', 'StatusTypeID': 50, 'LevelID': 2, 'PowerKW': 22, 'CurrentTypeID': 20, 'Quantity': 1}, {'ID': 345378, 'ConnectionTypeID': 25, 'Reference': 'NLALLEGO0043592', 'StatusTypeID': 50, 'LevelID': 2, 'PowerKW': 22, 'CurrentTypeID': 20, 'Quantity': 1}, {'ID': 345379, 'ConnectionTypeID': 25, 'Reference': 'NLALLEGO0043572', 'StatusTypeID': 50, 'LevelID': 2, 'PowerKW': 22, 'CurrentTypeID': 20, 'Quantity': 1}, {'ID': 345380, 'ConnectionTypeID': 25, 'Reference': 'NLALLEGO0043571', 'StatusTypeID': 50, 'LevelID': 2, 'PowerKW': 22, 'CurrentTypeID': 20, 'Quantity': 1}]",6,50,2022-10-10T20:18:00Z,1,2022-10-08T08:01:00Z,200,207318,Johanna's weg,Johanna's weg,,1901 NX,159,52.561055179424045,4.636920323230129,0,North Holland,,https://smoovapp.eu/,,,,,,,344651.0,25.0,50.0,1.0,NLALLEGO0043541,2.0,22.0,20.0,,
False,2022-10-25T17:29:00Z,204836,2768743F-6912-4980-9EE3-5AE14A5AAB82,1,3574,1.0,"[{'ID': 342075, 'ConnectionTypeID': 25, 'Reference': '00302', 'StatusTypeID': 50, 'LevelID': 2, 'PowerKW': 22, 'CurrentTypeID': 20, 'Quantity': 2}, {'ID': 342076, 'ConnectionTypeID': 25, 'Reference': '00146', 'StatusTypeID': 50, 'LevelID': 2, 'PowerKW': 22, 'CurrentTypeID': 20, 'Quantity': 2}]",2,50,2022-10-25T17:29:00Z,1,2022-10-02T09:59:00Z,200,205203,Shakespeareplein,Shakespeareplein,Utrecht,3533 DA,159,52.088953646361034,5.0900749398151675,0,Utrecht,€ 0.52/kWh,https://www.wedrivesolar.nl,+31(071)-568 19 06,,,,,,342075.0,25.0,50.0,2.0,00302,2.0,22.0,20.0,,
False,2022-10-02T11:45:00Z,204328,24CDBFD8-17F5-47CC-BCD8-B9FA3B8834C3,1,108,6.0,"[{'ID': 341395, 'ConnectionTypeID': 2, 'StatusTypeID': 50, 'LevelID': 3, 'PowerKW': 50, 'CurrentTypeID': 30, 'Quantity': 1}, {'ID': 341396, 'ConnectionTypeID': 33, 'StatusTypeID': 50, 'LevelID': 3, 'PowerKW': 50, 'CurrentTypeID': 30, 'Quantity': 1}, {'ID': 342096, 'ConnectionTypeID': 1036, 'StatusTypeID': 50, 'LevelID': 3, 'PowerKW': 43, 'CurrentTypeID': 20, 'Quantity': 1}]",1,50,2022-10-02T11:45:00Z,1,2022-09-27T10:27:00Z,200,204695,McDonald's Parallelweg,Parallelweg,,1948 NV,159,52.48018978217911,4.666021248274205,0,North Holland,€0.5014 / kWh,https://incharge.vattenfall.nl,+31 (0) 88 363 7991,,,,,In front of the McDonald's.,341395.0,2.0,50.0,1.0,,3.0,50.0,30.0,,
False,2022-09-12T09:24:00Z,202500,7D5C607E-3FC4-44C9-8045-01E21AFC6030,1,63,1.0,"[{'ID': 338641, 'ConnectionTypeID': 25, 'Reference': 'NL-GFX-EPP004022-1', 'StatusTypeID': 50, 'LevelID': 2, 'Amps': 20, 'Voltage': 230, 'PowerKW': 6, 'CurrentTypeID': 10, 'Quantity': 1}, {'ID': 338732, 'ConnectionTypeID': 0, 'Reference': 'NL-GFX-EPP004022-2', 'StatusTypeID': 50, 'LevelID': 2, 'Amps': 20, 'Voltage': 230, 'PowerKW': 6, 'CurrentTypeID': 10, 'Quantity': 1}]",1,50,2022-09-12T09:24:00Z,1,2022-09-11T11:45:00Z,200,202867,Nieuwe Kerksplein 16,Nieuwe Kerksplein 16,Haarlem,2011 ZT,159,52.37749070088256,4.629442271028097,0,North Holland,,,,,,,,,338641.0,25.0,50.0,1.0,NL-GFX-EPP004022-1,2.0,6.0,10.0,20.0,230.0
False,2022-09-07T18:21:00Z,202121,203B4AFA-7BEC-4216-ADDF-D450D1FA32AD,1,63,1.0,"[{'ID': 337815, 'ConnectionTypeID': 25, 'Reference': 'NL*GFX*EPP002195*1', 'StatusTypeID': 50, 'LevelID': 2, 'Amps': 30, 'Voltage': 230, 'PowerKW': 6, 'CurrentTypeID': 10, 'Quantity': 1}, {'ID': 337816, 'ConnectionTypeID': 25, 'Reference': 'NL*GFX*EPP002195*2', 'StatusTypeID': 50, 'LevelID': 2, 'Amps': 30, 'Voltage': 230, 'PowerKW': 6, 'CurrentTypeID': 10, 'Quantity': 1}]",1,50,2022-09-07T18:21:00Z,1,2022-09-07T10:21:00Z,200,202488,Stephensonstraat 39,Stephensonstraat 39,Haarlem,2014 KB,159,52.369181828691126,4.613651889691823,0,North Holland,,,,,,,,,337815.0,25.0,50.0,1.0,NL*GFX*EPP002195*1,2.0,6.0,10.0,30.0,230.0
False,2022-09-04T11:17:00Z,201483,ABEFE2A5-906F-4FD8-AB17-9DB38A65C6FA,1,103,4.0,"[{'ID': 336200, 'ConnectionTypeID': 25, 'Reference': 'NLALLEGO014481-1', 'StatusTypeID': 50, 'LevelID': 2, 'Amps': 32, 'Voltage': 480, 'PowerKW': 26.6, 'CurrentTypeID': 20, 'Quantity': 2}]",1,50,2022-09-04T11:17:00Z,1,2022-09-01T20:25:00Z,200,201847,Robijnstraat,Robijnstraat,Leiden,2332JL,159,52.15618310880117,4.463912704653239,0,South Holland,,http://www.allego.eu,08003745337,,,,,,336200.0,25.0,50.0,2.0,NLALLEGO014481-1,2.0,26.6,20.0,32.0,480.0
False,2024-03-21T10:10:00Z,201482,A4C6D240-C23B-421C-824C-07FE370651B8,1,103,4.0,"[{'ID': 336199, 'ConnectionTypeID': 25, 'Reference': 'NLALLEGO0059691', 'StatusTypeID': 50, 'LevelID': 2, 'Amps': 32, 'Voltage': 480, 'PowerKW': 22, 'CurrentTypeID': 20, 'Quantity': 2}]",2,50,2024-03-21T10:10:00Z,1,2022-09-01T20:18:00Z,200,201846,7 Carneoolstraat,7 Carneoolstraat,Leiden,2332KA,159,52.1546048796059,4.460548931738117,0,South Holland,.40,https://www.allego.eu,08003745337,,,,,,336199.0,25.0,50.0,2.0,NLALLEGO0059691,2.0,22.0,20.0,32.0,480.0
False,2022-09-08T15:21:00Z,201301,AF71D9AD-0018-4685-9188-0F44CB854CC4,1,1,0.0,"[{'ID': 335771, 'ConnectionTypeID': 25, 'Reference': '03008537', 'StatusTypeID': 50, 'LevelID': 2, 'PowerKW': 7.4, 'CurrentTypeID': 20, 'Quantity': 1}]",1,50,2022-09-08T15:21:00Z,1,2022-08-26T12:12:00Z,200,201664,Stephensonstraat,Stephensonstraat,Haarlem,2014 KD,159,52.36994650289088,4.614159016727285,0,North Holland,,,,,"Not sure if it's actually public. Single parking spot next to a store, but there's no sign indicating private property.",,,,335771.0,25.0,50.0,1.0,03008537,2.0,7.4,20.0,,
False,2022-08-28T19:50:00Z,201300,AAA11413-C7AF-4C51-97EA-78522E7287E3,1,1,1.0,"[{'ID': 335770, 'ConnectionTypeID': 25, 'StatusTypeID': 50, 'CurrentTypeID': 20, 'Quantity': 2}]",1,50,2022-08-28T19:50:00Z,1,2022-08-26T12:09:00Z,200,201663,Rutherfordstraat,Rutherfordstraat,Haarlem,2014 KA,159,52.370876207248756,4.614198948038165,0,North Holland,,,,,,,,,335770.0,25.0,50.0,2.0,,,,20.0,,
False,2022-08-12T06:28:00Z,195040,7694A444-92E2-4AF8-8FEB-ED98004AA89D,1,3299,1.0,"[{'ID': 317842, 'ConnectionTypeID': 33, 'StatusTypeID': 50, 'LevelID': 3, 'PowerKW': 350, 'CurrentTypeID': 30, 'Quantity': 3}]",3,50,2022-08-12T06:28:00Z,1,2022-08-11T23:09:00Z,200,195399,IONITY Mienscheer,"Rijksweg A2 7, Niebert",Niebert,9365 TK,159,53.161647,6.292686,0,Groningen,,,,,,,,,317842.0,33.0,50.0,3.0,,3.0,350.0,30.0,,
False,2022-08-08T09:47:00Z,194587,48967583-C8DC-4C72-9732-DC290E0356F2,1,63,1.0,"[{'ID': 317243, 'ConnectionTypeID': 25, 'Reference': 'NL-GFX-EPP004181-1', 'StatusTypeID': 50, 'LevelID': 2, 'PowerKW': 11, 'CurrentTypeID': 20, 'Quantity': 1}, {'ID': 317244, 'ConnectionTypeID': 25, 'Reference': 'NL-GFX-EPP004181-2', 'StatusTypeID': 50, 'LevelID': 2, 'PowerKW': 11, 'CurrentTypeID': 20, 'Quantity': 1}]",1,50,2022-08-08T09:47:00Z,1,2022-08-07T10:45:00Z,200,194946,Pijlslaan,Pijlslaan,Haarlem,2014 TL,159,52.372003720140015,4.611520743119058,0,North Holland,"€0.27 per session, €0.31 per kWh, free parking",,,,,,,,317243.0,25.0,50.0,1.0,NL-GFX-EPP004181-1,2.0,11.0,20.0,,
False,2022-10-10T11:20:00Z,194583,E68323DF-A400-48DA-8C8C-18CB43D7628D,1,74,,"[{'ID': 317231, 'ConnectionTypeID': 33, 'StatusTypeID': 50, 'LevelID': 3, 'PowerKW': 125, 'CurrentTypeID': 30, 'Quantity': 2}, {'ID': 317232, 'ConnectionTypeID': 2, 'StatusTypeID': 50, 'LevelID': 3, 'PowerKW': 50, 'CurrentTypeID': 30, 'Quantity': 1}]",2,50,2022-10-10T11:20:00Z,1,2022-08-06T23:20:00Z,100,194942,Twaalfmat,Twaalfmat,Heemskerk,1967 PV,159,52.500278047265056,4.702634557778197,0,,https://fastnedcharging.com/nl/tarieven,http://fastned.nl,020-7055300,,,support@fastned.nl,,"2 stations have only CCS, 2 have CCS and CHAdeMO",317231.0,33.0,50.0,2.0,,3.0,125.0,30.0,,
False,2022-08-09T21:07:00Z,194582,BA03A42F-FDA0-4BD3-A9D3-518DBBBF3F2A,1,63,1.0,"[{'ID': 317230, 'ConnectionTypeID': 25, 'StatusTypeID': 50, 'LevelID': 2, 'PowerKW': 11, 'CurrentTypeID': 20, 'Quantity': 2}]",2,50,2022-08-09T21:07:00Z,1,2022-08-06T23:03:00Z,200,194941,Lorentzkade,Lorentzkade,Haarlem,2014 CE,159,52.373997763985926,4.611189696895622,0,North Holland,€0.31 per kWh,,,,,,,,317230.0,25.0,50.0,2.0,,2.0,11.0,20.0,,
False,2024-03-21T10:11:00Z,194570,FF2CFDAE-0FE3-4387-91E5-A6A1E1F41B5F,1,103,4.0,"[{'ID': 317171, 'ConnectionTypeID': 2, 'StatusTypeID': 50, 'LevelID': 3, 'PowerKW': 50, 'CurrentTypeID': 30, 'Quantity': 1}, {'ID': 317172, 'ConnectionTypeID': 33, 'StatusTypeID': 50, 'LevelID': 3, 'PowerKW': 50, 'CurrentTypeID': 30, 'Quantity': 1}, {'ID': 317173, 'ConnectionTypeID': 1036, 'StatusTypeID': 50, 'LevelID': 3, 'Amps': 63, 'Voltage': 400, 'PowerKW': 43, 'CurrentTypeID': 20, 'Quantity': 1}]",1,50,2024-03-21T10:11:00Z,1,2022-08-05T21:57:00Z,200,194929,Botnische golf,Botnische golf,Woerden,3446XW,159,52.07745826113799,4.904246265408801,0,Utrecht,,,,,,,,,317171.0,2.0,50.0,1.0,,3.0,50.0,30.0,,
False,2022-07-29T15:55:00Z,194365,D24CBF8C-963D-4B29-9C6A-5ACAE96E61D8,1,3299,1.0,"[{'ID': 316697, 'ConnectionTypeID': 33, 'StatusTypeID': 50, 'LevelID': 3, 'PowerKW': 350, 'CurrentTypeID': 30, 'Quantity': 4}]",4,50,2022-07-29T15:55:00Z,1,2022-07-28T22:20:00Z,200,194724,IONITY Sandelingen Oost,A16 highway2952 AD ,Hendrik-Ido-Ambacht,2952 AD,159,51.836003,4.620008,0,,,,,,,,,,316697.0,33.0,50.0,4.0,,3.0,350.0,30.0,,
False,2022-07-25T08:55:00Z,194305,CF5EB74E-1022-486F-997C-FC07F0AFA19E,1,3387,1.0,"[{'ID': 316548, 'ConnectionTypeID': 25, 'Reference': 'E44374', 'StatusTypeID': 50, 'LevelID': 2, 'Amps': 32, 'Voltage': 400, 'PowerKW': 22, 'CurrentTypeID': 20, 'Quantity': 1}, {'ID': 316553, 'ConnectionTypeID': 25, 'Reference': 'E44375', 'StatusTypeID': 50, 'LevelID': 2, 'Amps': 32, 'Voltage': 400, 'PowerKW': 22, 'CurrentTypeID': 20, 'Quantity': 1}]",2,50,2022-07-25T08:55:00Z,1,2022-07-24T18:20:00Z,200,194664,Boerderijcamping Zuiderhoeve,Dishoekseweg 28A,Koudekerke,4371 NH,159,51.47525081439318,3.541423812603057,0,Zeeland, € 0.36/kWh,,,,,,,,316548.0,25.0,50.0,1.0,E44374,2.0,22.0,20.0,32.0,400.0
False,2024-01-26T11:05:00Z,194248,846843E5-E307-4981-B778-2CE70709625B,1,3504,1.0,"[{'ID': 316427, 'ConnectionTypeID': 33, 'StatusTypeID': 50, 'LevelID': 3, 'Amps': 250, 'PowerKW': 120, 'CurrentTypeID': 30, 'Quantity': 6}]",6,50,2024-01-26T11:05:00Z,1,2022-07-21T13:16:00Z,200,194607,LEAP24 Fast Charge Station,1 Industrieweg,Sittard-Geleen,6163AH,159,50.981218592935164,5.826535347417348,0,Limburg,€0.59/kWh,,,,,,,,316427.0,33.0,50.0,6.0,,3.0,120.0,30.0,250.0,
